{
	"credit": "Made with Blockbench",
	"texture_size": [32, 32],
	"textures": {
		"0": "item/trims/host/host_emerald",
		"particle": "item/trims/host/host_emerald"
	},
	"elements": [
		{
			"from": [0, 0, 7.5],
			"to": [3, 3, 8.5],
			"faces": {
				"north": {"uv": [5.5, 0, 4, 1.5], "rotation": 180, "texture": "#0"},
				"east": {"uv": [0, 8.5, 1.5, 9], "rotation": 270, "texture": "#0"},
				"south": {"uv": [5.5, 1.5, 4, 0], "texture": "#0"},
				"west": {"uv": [1.5, 8.5, 3, 9], "rotation": 90, "texture": "#0"},
				"up": {"uv": [7.5, 8, 9, 8.5], "rotation": 180, "texture": "#0"},
				"down": {"uv": [8.5, 0, 10, 0.5], "texture": "#0"}
			}
		},
		{
			"from": [3, 2, 7.5],
			"to": [4, 5, 8.5],
			"faces": {
				"north": {"uv": [3.5, 8.5, 3, 10], "rotation": 180, "texture": "#0"},
				"east": {"uv": [8.5, 2, 10, 2.5], "rotation": 270, "texture": "#0"},
				"south": {"uv": [3.5, 10, 3, 8.5], "texture": "#0"},
				"west": {"uv": [8.5, 2.5, 10, 3], "rotation": 90, "texture": "#0"},
				"up": {"uv": [9.5, 1, 10, 1.5], "rotation": 180, "texture": "#0"},
				"down": {"uv": [1.5, 9.5, 2, 10], "texture": "#0"}
			}
		},
		{
			"from": [4, 3, 7.5],
			"to": [8, 9, 8.5],
			"faces": {
				"north": {"uv": [2, 0, 0, 3], "rotation": 180, "texture": "#0"},
				"east": {"uv": [0, 5.5, 3, 6], "rotation": 270, "texture": "#0"},
				"south": {"uv": [2, 3, 0, 0], "texture": "#0"},
				"west": {"uv": [5.5, 0, 8.5, 0.5], "rotation": 90, "texture": "#0"},
				"up": {"uv": [2.5, 8, 4.5, 8.5], "rotation": 180, "texture": "#0"},
				"down": {"uv": [8, 3, 10, 3.5], "texture": "#0"}
			}
		},
		{
			"from": [3, 6, 7.5],
			"to": [4, 10, 8.5],
			"faces": {
				"north": {"uv": [7, 8, 6.5, 10], "rotation": 180, "texture": "#0"},
				"east": {"uv": [8, 3.5, 10, 4], "rotation": 270, "texture": "#0"},
				"south": {"uv": [7, 10, 6.5, 8], "texture": "#0"},
				"west": {"uv": [4.5, 8, 6.5, 8.5], "rotation": 90, "texture": "#0"},
				"up": {"uv": [9.5, 1.5, 10, 2], "rotation": 180, "texture": "#0"},
				"down": {"uv": [2, 9.5, 2.5, 10], "texture": "#0"}
			}
		},
		{
			"from": [2, 3, 7.5],
			"to": [3, 4, 8.5],
			"faces": {
				"north": {"uv": [10, 5, 9.5, 5.5], "rotation": 180, "texture": "#0"},
				"east": {"uv": [4.5, 9.5, 5, 10], "rotation": 270, "texture": "#0"},
				"south": {"uv": [6, 10, 5.5, 9.5], "texture": "#0"},
				"west": {"uv": [9.5, 5, 10, 5.5], "rotation": 90, "texture": "#0"},
				"up": {"uv": [4, 9.5, 4.5, 10], "rotation": 180, "texture": "#0"},
				"down": {"uv": [5, 9.5, 5.5, 10], "texture": "#0"}
			}
		},
		{
			"from": [2, 8, 7.5],
			"to": [3, 10, 8.5],
			"faces": {
				"north": {"uv": [9, 8.5, 8.5, 9.5], "rotation": 180, "texture": "#0"},
				"east": {"uv": [5.5, 8.5, 6.5, 9], "rotation": 270, "texture": "#0"},
				"south": {"uv": [9, 9.5, 8.5, 8.5], "texture": "#0"},
				"west": {"uv": [7.5, 8.5, 8.5, 9], "rotation": 90, "texture": "#0"},
				"up": {"uv": [9.5, 6, 10, 6.5], "rotation": 180, "texture": "#0"},
				"down": {"uv": [9.5, 6.5, 10, 7], "texture": "#0"}
			}
		},
		{
			"from": [6, 9, 7.5],
			"to": [14, 11, 8.5],
			"faces": {
				"north": {"uv": [4, 3, 0, 4], "rotation": 180, "texture": "#0"},
				"east": {"uv": [0.5, 9, 1.5, 9.5], "rotation": 270, "texture": "#0"},
				"south": {"uv": [4, 4, 0, 3], "texture": "#0"},
				"west": {"uv": [1.5, 9, 2.5, 9.5], "rotation": 90, "texture": "#0"},
				"up": {"uv": [4, 3, 8, 3.5], "rotation": 180, "texture": "#0"},
				"down": {"uv": [4, 3.5, 8, 4], "texture": "#0"}
			}
		},
		{
			"from": [8, 8, 7.5],
			"to": [13, 9, 8.5],
			"faces": {
				"north": {"uv": [8.5, 7, 6, 7.5], "rotation": 180, "texture": "#0"},
				"east": {"uv": [7.5, 9.5, 8, 10], "rotation": 270, "texture": "#0"},
				"south": {"uv": [8.5, 7.5, 6, 7], "texture": "#0"},
				"west": {"uv": [8, 9.5, 8.5, 10], "rotation": 90, "texture": "#0"},
				"up": {"uv": [7, 5, 9.5, 5.5], "rotation": 180, "texture": "#0"},
				"down": {"uv": [7, 5.5, 9.5, 6], "texture": "#0"}
			}
		},
		{
			"from": [8, 6, 7.5],
			"to": [9, 8, 8.5],
			"faces": {
				"north": {"uv": [3, 9, 2.5, 10], "rotation": 180, "texture": "#0"},
				"east": {"uv": [4, 9, 5, 9.5], "rotation": 270, "texture": "#0"},
				"south": {"uv": [3, 10, 2.5, 9], "texture": "#0"},
				"west": {"uv": [5, 9, 6, 9.5], "rotation": 90, "texture": "#0"},
				"up": {"uv": [8.5, 9.5, 9, 10], "rotation": 180, "texture": "#0"},
				"down": {"uv": [9, 9.5, 9.5, 10], "texture": "#0"}
			}
		},
		{
			"from": [5, 9, 7.5],
			"to": [6, 10, 8.5],
			"faces": {
				"north": {"uv": [10.5, 1, 10, 1.5], "rotation": 180, "texture": "#0"},
				"east": {"uv": [0, 10, 0.5, 10.5], "rotation": 270, "texture": "#0"},
				"south": {"uv": [1.5, 10.5, 1, 10], "texture": "#0"},
				"west": {"uv": [0.5, 10, 1, 10.5], "rotation": 90, "texture": "#0"},
				"up": {"uv": [9.5, 9.5, 10, 10], "rotation": 180, "texture": "#0"},
				"down": {"uv": [10, 0, 10.5, 0.5], "texture": "#0"}
			}
		},
		{
			"from": [9, 7, 7.5],
			"to": [10, 8, 8.5],
			"faces": {
				"north": {"uv": [10.5, 1.5, 10, 2], "rotation": 180, "texture": "#0"},
				"east": {"uv": [10, 1.5, 10.5, 2], "rotation": 270, "texture": "#0"},
				"south": {"uv": [3, 10.5, 2.5, 10], "texture": "#0"},
				"west": {"uv": [10, 2, 10.5, 2.5], "rotation": 90, "texture": "#0"},
				"up": {"uv": [1.5, 10, 2, 10.5], "rotation": 180, "texture": "#0"},
				"down": {"uv": [2, 10, 2.5, 10.5], "texture": "#0"}
			}
		},
		{
			"from": [8, 2, 7.5],
			"to": [10, 5, 8.5],
			"faces": {
				"north": {"uv": [6.5, 0.5, 5.5, 2], "rotation": 180, "texture": "#0"},
				"east": {"uv": [4, 8.5, 5.5, 9], "rotation": 270, "texture": "#0"},
				"south": {"uv": [6.5, 2, 5.5, 0.5], "texture": "#0"},
				"west": {"uv": [8.5, 7, 10, 7.5], "rotation": 90, "texture": "#0"},
				"up": {"uv": [7.5, 9, 8.5, 9.5], "rotation": 180, "texture": "#0"},
				"down": {"uv": [9, 8, 10, 8.5], "texture": "#0"}
			}
		},
		{
			"from": [6, 2, 7.5],
			"to": [8, 3, 8.5],
			"faces": {
				"north": {"uv": [10, 9, 9, 9.5], "rotation": 180, "texture": "#0"},
				"east": {"uv": [3, 10, 3.5, 10.5], "rotation": 270, "texture": "#0"},
				"south": {"uv": [1.5, 10, 0.5, 9.5], "texture": "#0"},
				"west": {"uv": [10, 3, 10.5, 3.5], "rotation": 90, "texture": "#0"},
				"up": {"uv": [9, 8.5, 10, 9], "rotation": 180, "texture": "#0"},
				"down": {"uv": [9, 9, 10, 9.5], "texture": "#0"}
			}
		},
		{
			"from": [12, 4, 7.5],
			"to": [13, 5, 8.5],
			"faces": {
				"north": {"uv": [4.5, 10, 4, 10.5], "rotation": 180, "texture": "#0"},
				"east": {"uv": [10, 3.5, 10.5, 4], "rotation": 270, "texture": "#0"},
				"south": {"uv": [5, 10.5, 4.5, 10], "texture": "#0"},
				"west": {"uv": [10, 4, 10.5, 4.5], "rotation": 90, "texture": "#0"},
				"up": {"uv": [3.5, 10, 4, 10.5], "rotation": 180, "texture": "#0"},
				"down": {"uv": [4, 10, 4.5, 10.5], "texture": "#0"}
			}
		},
		{
			"from": [18, 12, 7.5],
			"to": [19, 13, 8.5],
			"faces": {
				"north": {"uv": [8.5, 10, 8, 10.5], "rotation": 180, "texture": "#0"},
				"east": {"uv": [10, 8, 10.5, 8.5], "rotation": 270, "texture": "#0"},
				"south": {"uv": [9.5, 10.5, 9, 10], "texture": "#0"},
				"west": {"uv": [10, 8.5, 10.5, 9], "rotation": 90, "texture": "#0"},
				"up": {"uv": [8, 10, 8.5, 10.5], "rotation": 180, "texture": "#0"},
				"down": {"uv": [8.5, 10, 9, 10.5], "texture": "#0"}
			}
		},
		{
			"from": [9, 11, 7.5],
			"to": [14, 12, 8.5],
			"faces": {
				"north": {"uv": [5, 7.5, 2.5, 8], "rotation": 180, "texture": "#0"},
				"east": {"uv": [5, 10, 5.5, 10.5], "rotation": 270, "texture": "#0"},
				"south": {"uv": [5, 8, 2.5, 7.5], "texture": "#0"},
				"west": {"uv": [10, 5, 10.5, 5.5], "rotation": 90, "texture": "#0"},
				"up": {"uv": [7, 6.5, 9.5, 7], "rotation": 180, "texture": "#0"},
				"down": {"uv": [0, 7.5, 2.5, 8], "texture": "#0"}
			}
		},
		{
			"from": [10, 12, 7.5],
			"to": [15, 13, 8.5],
			"faces": {
				"north": {"uv": [10, 7.5, 7.5, 8], "rotation": 180, "texture": "#0"},
				"east": {"uv": [5.5, 10, 6, 10.5], "rotation": 270, "texture": "#0"},
				"south": {"uv": [10, 8, 7.5, 7.5], "texture": "#0"},
				"west": {"uv": [10, 5.5, 10.5, 6], "rotation": 90, "texture": "#0"},
				"up": {"uv": [7.5, 4.5, 10, 5], "rotation": 180, "texture": "#0"},
				"down": {"uv": [5, 7.5, 7.5, 8], "texture": "#0"}
			}
		},
		{
			"from": [11, 13, 7.5],
			"to": [17, 14, 8.5],
			"faces": {
				"north": {"uv": [7, 5.5, 4, 6], "rotation": 180, "texture": "#0"},
				"east": {"uv": [6, 10, 6.5, 10.5], "rotation": 270, "texture": "#0"},
				"south": {"uv": [7, 6, 4, 5.5], "texture": "#0"},
				"west": {"uv": [10, 6, 10.5, 6.5], "rotation": 90, "texture": "#0"},
				"up": {"uv": [5.5, 2, 8.5, 2.5], "rotation": 180, "texture": "#0"},
				"down": {"uv": [5.5, 2.5, 8.5, 3], "texture": "#0"}
			}
		},
		{
			"from": [12, 14, 7.5],
			"to": [18, 15, 8.5],
			"faces": {
				"north": {"uv": [9.5, 0.5, 6.5, 1], "rotation": 180, "texture": "#0"},
				"east": {"uv": [6.5, 10, 7, 10.5], "rotation": 270, "texture": "#0"},
				"south": {"uv": [9.5, 1, 6.5, 0.5], "texture": "#0"},
				"west": {"uv": [10, 6.5, 10.5, 7], "rotation": 90, "texture": "#0"},
				"up": {"uv": [4, 6, 7, 6.5], "rotation": 180, "texture": "#0"},
				"down": {"uv": [0, 6.5, 3, 7], "texture": "#0"}
			}
		},
		{
			"from": [13, 15, 7.5],
			"to": [19, 16, 8.5],
			"faces": {
				"north": {"uv": [3, 7, 0, 7.5], "rotation": 180, "texture": "#0"},
				"east": {"uv": [7, 10, 7.5, 10.5], "rotation": 270, "texture": "#0"},
				"south": {"uv": [3, 7.5, 0, 7], "texture": "#0"},
				"west": {"uv": [10, 7, 10.5, 7.5], "rotation": 90, "texture": "#0"},
				"up": {"uv": [6.5, 1.5, 9.5, 2], "rotation": 180, "texture": "#0"},
				"down": {"uv": [4, 6.5, 7, 7], "texture": "#0"}
			}
		},
		{
			"from": [14, 16, 7.5],
			"to": [21, 17, 8.5],
			"faces": {
				"north": {"uv": [3.5, 5, 0, 5.5], "rotation": 180, "texture": "#0"},
				"east": {"uv": [7.5, 10, 8, 10.5], "rotation": 270, "texture": "#0"},
				"south": {"uv": [3.5, 5.5, 0, 5], "texture": "#0"},
				"west": {"uv": [10, 7.5, 10.5, 8], "rotation": 90, "texture": "#0"},
				"up": {"uv": [4, 4, 7.5, 4.5], "rotation": 180, "texture": "#0"},
				"down": {"uv": [4, 4.5, 7.5, 5], "texture": "#0"}
			}
		}
	],
	"display": {
		"thirdperson_righthand": {
			"rotation": [0, -90, 55],
			"translation": [0, 4, 0.5],
			"scale": [0.85, 0.85, 0.85]
		},
		"thirdperson_lefthand": {
			"rotation": [0, 90, -55],
			"translation": [0, 4, 0.5],
			"scale": [0.85, 0.85, 0.85]
		},
		"firstperson_righthand": {
			"rotation": [0, -90, 25],
			"translation": [1.13, 3.2, 1.13],
			"scale": [0.68, 0.68, 0.68]
		},
		"firstperson_lefthand": {
			"rotation": [0, 90, -25],
			"translation": [1.13, 3.2, 1.13],
			"scale": [0.68, 0.68, 0.68]
		},
		"ground": {
			"translation": [-1.5, 2.5, 0.25],
			"scale": [0.49219, 0.49219, 0.49219]
		},
		"gui": {
			"translation": [-2, -0.25, 0],
			"scale": [0.76367, 0.76367, 0.76367]
		},
		"fixed": {
			"rotation": [0, 180, 0],
			"translation": [2, -0.75, 0],
			"scale": [0.90234, 0.90234, 0.90234]
		}
	}
}