{
	"parent": "item/handheld",
	"textures": {
		"layer0": "item/netherite_sword"
	},
	
	"overrides": [
		{"predicate": {"custom_model_data":10}, "model": "item/trims/shaper/shaper_amethyst"},
		{"predicate": {"custom_model_data":11}, "model": "item/trims/shaper/shaper_copper"},
		{"predicate": {"custom_model_data":12}, "model": "item/trims/shaper/shaper_diamond"},
		{"predicate": {"custom_model_data":13}, "model": "item/trims/shaper/shaper_emerald"},
		{"predicate": {"custom_model_data":14}, "model": "item/trims/shaper/shaper_gold"},
		{"predicate": {"custom_model_data":15}, "model": "item/trims/shaper/shaper_iron"},
		{"predicate": {"custom_model_data":16}, "model": "item/trims/shaper/shaper_lapis"},
		{"predicate": {"custom_model_data":17}, "model": "item/trims/shaper/shaper_netherite"},
		{"predicate": {"custom_model_data":18}, "model": "item/trims/shaper/shaper_quartz"},
		{"predicate": {"custom_model_data":19}, "model": "item/trims/shaper/shaper_redstone"},
		
		{"predicate": {"custom_model_data":20}, "model": "item/trims/wayfinder/wayfinder_amethyst"},
		{"predicate": {"custom_model_data":21}, "model": "item/trims/wayfinder/wayfinder_copper"},
		{"predicate": {"custom_model_data":22}, "model": "item/trims/wayfinder/wayfinder_diamond"},
		{"predicate": {"custom_model_data":23}, "model": "item/trims/wayfinder/wayfinder_emerald"},
		{"predicate": {"custom_model_data":24}, "model": "item/trims/wayfinder/wayfinder_gold"},
		{"predicate": {"custom_model_data":25}, "model": "item/trims/wayfinder/wayfinder_iron"},
		{"predicate": {"custom_model_data":26}, "model": "item/trims/wayfinder/wayfinder_lapis"},
		{"predicate": {"custom_model_data":27}, "model": "item/trims/wayfinder/wayfinder_netherite"},
		{"predicate": {"custom_model_data":28}, "model": "item/trims/wayfinder/wayfinder_quartz"},
		{"predicate": {"custom_model_data":29}, "model": "item/trims/wayfinder/wayfinder_redstone"},
		
		{"predicate": {"custom_model_data":30}, "model": "item/trims/host/host_amethyst"},
		{"predicate": {"custom_model_data":31}, "model": "item/trims/host/host_copper"},
		{"predicate": {"custom_model_data":32}, "model": "item/trims/host/host_diamond"},
		{"predicate": {"custom_model_data":33}, "model": "item/trims/host/host_emerald"},
		{"predicate": {"custom_model_data":34}, "model": "item/trims/host/host_gold"},
		{"predicate": {"custom_model_data":35}, "model": "item/trims/host/host_iron"},
		{"predicate": {"custom_model_data":36}, "model": "item/trims/host/host_lapis"},
		{"predicate": {"custom_model_data":37}, "model": "item/trims/host/host_netherite"},
		{"predicate": {"custom_model_data":38}, "model": "item/trims/host/host_quartz"},
		{"predicate": {"custom_model_data":39}, "model": "item/trims/host/host_redstone"},
		
		{"predicate": {"custom_model_data":40}, "model": "item/trims/raiser/raiser_amethyst"},
		{"predicate": {"custom_model_data":41}, "model": "item/trims/raiser/raiser_copper"},
		{"predicate": {"custom_model_data":42}, "model": "item/trims/raiser/raiser_diamond"},
		{"predicate": {"custom_model_data":43}, "model": "item/trims/raiser/raiser_emerald"},
		{"predicate": {"custom_model_data":44}, "model": "item/trims/raiser/raiser_gold"},
		{"predicate": {"custom_model_data":45}, "model": "item/trims/raiser/raiser_iron"},
		{"predicate": {"custom_model_data":46}, "model": "item/trims/raiser/raiser_lapis"},
		{"predicate": {"custom_model_data":47}, "model": "item/trims/raiser/raiser_netherite"},
		{"predicate": {"custom_model_data":48}, "model": "item/trims/raiser/raiser_quartz"},
		{"predicate": {"custom_model_data":49}, "model": "item/trims/raiser/raiser_redstone"},
		
		
		
		{"predicate": {"custom_model_data":991}, "model": "item/skins/silverline/silverline"}
	]
}