{
	"credit": "Made with Blockbench",
	"texture_size": [64, 64],
	"textures": {
		"0": "item/skins/silverline/silverline",
		"particle": "item/skins/silverline/silverline"
	},
	"elements": [
		{
			"from": [-1, -1, 7.5],
			"to": [1, 0, 8.3],
			"faces": {
				"north": {"uv": [3.75, 5.75, 3.25, 6], "rotation": 180, "texture": "#0"},
				"east": {"uv": [6.75, 1.5, 7, 1.75], "rotation": 270, "texture": "#0"},
				"south": {"uv": [3.75, 6, 3.25, 5.75], "texture": "#0"},
				"west": {"uv": [1.75, 6.75, 2, 7], "rotation": 90, "texture": "#0"},
				"up": {"uv": [2.5, 5.75, 3, 6], "rotation": 180, "texture": "#0"},
				"down": {"uv": [5.75, 2.5, 6.25, 2.75], "texture": "#0"}
			}
		},
		{
			"from": [-1, 0, 7.5],
			"to": [0, 1, 8.3],
			"faces": {
				"north": {"uv": [2.25, 8, 2, 8.25], "rotation": 180, "texture": "#0"},
				"east": {"uv": [8, 0, 8.25, 0.25], "rotation": 270, "texture": "#0"},
				"south": {"uv": [2.25, 8.25, 2, 8], "texture": "#0"},
				"west": {"uv": [8, 1, 8.25, 1.25], "rotation": 90, "texture": "#0"},
				"up": {"uv": [6.75, 7.75, 7, 8], "rotation": 180, "texture": "#0"},
				"down": {"uv": [8, 0.5, 8.25, 0.75], "texture": "#0"}
			}
		},
		{
			"from": [0, 0, 7.6],
			"to": [2, 1, 8.2],
			"faces": {
				"north": {"uv": [6.25, 5.5, 5.75, 5.75], "rotation": 180, "texture": "#0"},
				"east": {"uv": [6.75, 2.75, 7, 3], "rotation": 270, "texture": "#0"},
				"south": {"uv": [6.25, 5.75, 5.75, 5.5], "texture": "#0"},
				"west": {"uv": [3, 6.75, 3.25, 7], "rotation": 90, "texture": "#0"},
				"up": {"uv": [5.75, 4, 6.25, 4.25], "rotation": 180, "texture": "#0"},
				"down": {"uv": [5.75, 5, 6.25, 5.25], "texture": "#0"}
			}
		},
		{
			"from": [0, 1, 7.6],
			"to": [3, 2, 8.2],
			"faces": {
				"north": {"uv": [3, 4.75, 2.25, 5], "rotation": 180, "texture": "#0"},
				"east": {"uv": [7, 0, 7.25, 0.25], "rotation": 270, "texture": "#0"},
				"south": {"uv": [3, 5, 2.25, 4.75], "texture": "#0"},
				"west": {"uv": [7, 0.5, 7.25, 0.75], "rotation": 90, "texture": "#0"},
				"up": {"uv": [4.5, 4.5, 5.25, 4.75], "rotation": 180, "texture": "#0"},
				"down": {"uv": [1.25, 4.75, 2, 5], "texture": "#0"}
			}
		},
		{
			"from": [1, 2, 7.6],
			"to": [4, 3, 8.2],
			"faces": {
				"north": {"uv": [3, 4.75, 2.25, 5], "rotation": 180, "texture": "#0"},
				"east": {"uv": [7, 0, 7.25, 0.25], "rotation": 270, "texture": "#0"},
				"south": {"uv": [3, 5, 2.25, 4.75], "texture": "#0"},
				"west": {"uv": [7, 0.5, 7.25, 0.75], "rotation": 90, "texture": "#0"},
				"up": {"uv": [4.5, 4.5, 5.25, 4.75], "rotation": 180, "texture": "#0"},
				"down": {"uv": [1.25, 4.75, 2, 5], "texture": "#0"}
			}
		},
		{
			"from": [2, 3, 7.6],
			"to": [5, 4, 8.2],
			"faces": {
				"north": {"uv": [5, 5, 4.25, 5.25], "rotation": 180, "texture": "#0"},
				"east": {"uv": [2.25, 7, 2.5, 7.25], "rotation": 270, "texture": "#0"},
				"south": {"uv": [5, 5.25, 4.25, 5], "texture": "#0"},
				"west": {"uv": [7, 4, 7.25, 4.25], "rotation": 90, "texture": "#0"},
				"up": {"uv": [0, 5, 0.75, 5.25], "rotation": 180, "texture": "#0"},
				"down": {"uv": [5, 3, 5.75, 3.25], "texture": "#0"}
			}
		},
		{
			"from": [3, 4, 7.6],
			"to": [4, 5, 8.2],
			"faces": {
				"north": {"uv": [6.25, 7, 6, 7.25], "rotation": 180, "texture": "#0"},
				"east": {"uv": [7, 5.25, 7.25, 5.5], "rotation": 270, "texture": "#0"},
				"south": {"uv": [6.25, 7.25, 6, 7], "texture": "#0"},
				"west": {"uv": [7, 5.75, 7.25, 6], "rotation": 90, "texture": "#0"},
				"up": {"uv": [4.25, 7, 4.5, 7.25], "rotation": 180, "texture": "#0"},
				"down": {"uv": [5.5, 7, 5.75, 7.25], "texture": "#0"}
			}
		},
		{
			"from": [2, 6, 7.5],
			"to": [3, 9, 8.3],
			"faces": {
				"north": {"uv": [5.5, 5, 5.25, 5.75], "rotation": 180, "texture": "#0"},
				"east": {"uv": [2, 5.25, 2.75, 5.5], "rotation": 270, "texture": "#0"},
				"south": {"uv": [5.5, 5.75, 5.25, 5], "texture": "#0"},
				"west": {"uv": [3, 5.25, 3.75, 5.5], "rotation": 90, "texture": "#0"},
				"up": {"uv": [6.5, 7, 6.75, 7.25], "rotation": 180, "texture": "#0"},
				"down": {"uv": [7, 6.75, 7.25, 7], "texture": "#0"}
			}
		},
		{
			"from": [3, 5, 7.5],
			"to": [4, 8, 8.3],
			"faces": {
				"north": {"uv": [0.75, 5.5, 0.5, 6.25], "rotation": 180, "texture": "#0"},
				"east": {"uv": [4, 5.5, 4.75, 5.75], "rotation": 270, "texture": "#0"},
				"south": {"uv": [0.75, 6.25, 0.5, 5.5], "texture": "#0"},
				"west": {"uv": [5.5, 4.5, 6.25, 4.75], "rotation": 90, "texture": "#0"},
				"up": {"uv": [0, 7.25, 0.25, 7.5], "rotation": 180, "texture": "#0"},
				"down": {"uv": [0.5, 7.25, 0.75, 7.5], "texture": "#0"}
			}
		},
		{
			"from": [4, 4, 7.4],
			"to": [5, 7, 8.4],
			"faces": {
				"north": {"uv": [6, 1.5, 5.75, 2.25], "rotation": 180, "texture": "#0"},
				"east": {"uv": [1, 5.75, 1.75, 6], "rotation": 270, "texture": "#0"},
				"south": {"uv": [6, 2.25, 5.75, 1.5], "texture": "#0"},
				"west": {"uv": [5.75, 1, 6.5, 1.25], "rotation": 90, "texture": "#0"},
				"up": {"uv": [1, 7.25, 1.25, 7.5], "rotation": 180, "texture": "#0"},
				"down": {"uv": [1.5, 7.25, 1.75, 7.5], "texture": "#0"}
			}
		},
		{
			"from": [5, 4, 7.4],
			"to": [7, 6, 8.4],
			"faces": {
				"north": {"uv": [3.5, 3, 3, 3.5], "rotation": 180, "texture": "#0"},
				"east": {"uv": [4.75, 6, 5.25, 6.25], "rotation": 270, "texture": "#0"},
				"south": {"uv": [3.5, 3.5, 3, 3], "texture": "#0"},
				"west": {"uv": [6.25, 0, 6.75, 0.25], "rotation": 90, "texture": "#0"},
				"up": {"uv": [4, 6, 4.5, 6.25], "rotation": 180, "texture": "#0"},
				"down": {"uv": [5.5, 6, 6, 6.25], "texture": "#0"}
			}
		},
		{
			"from": [5, 3, 7.4],
			"to": [6, 4, 8.4],
			"faces": {
				"north": {"uv": [7.5, 3, 7.25, 3.25], "rotation": 180, "texture": "#0"},
				"east": {"uv": [7.25, 2, 7.5, 2.25], "rotation": 270, "texture": "#0"},
				"south": {"uv": [7.5, 3.25, 7.25, 3], "texture": "#0"},
				"west": {"uv": [2.75, 7.25, 3, 7.5], "rotation": 90, "texture": "#0"},
				"up": {"uv": [7.25, 1.5, 7.5, 1.75], "rotation": 180, "texture": "#0"},
				"down": {"uv": [7.25, 2.5, 7.5, 2.75], "texture": "#0"}
			}
		},
		{
			"from": [7, 5, 7.4],
			"to": [8, 7, 8.4],
			"faces": {
				"north": {"uv": [6.5, 1.5, 6.25, 2], "rotation": 180, "texture": "#0"},
				"east": {"uv": [6.25, 0.5, 6.75, 0.75], "rotation": 270, "texture": "#0"},
				"south": {"uv": [6.5, 2, 6.25, 1.5], "texture": "#0"},
				"west": {"uv": [1, 6.25, 1.5, 6.5], "rotation": 90, "texture": "#0"},
				"up": {"uv": [7.25, 3.5, 7.5, 3.75], "rotation": 180, "texture": "#0"},
				"down": {"uv": [3.75, 7.25, 4, 7.5], "texture": "#0"}
			}
		},
		{
			"from": [8, 6, 7.4],
			"to": [9, 8, 8.4],
			"faces": {
				"north": {"uv": [0.25, 6.5, 0, 7], "rotation": 180, "texture": "#0"},
				"east": {"uv": [3, 6.25, 3.5, 6.5], "rotation": 270, "texture": "#0"},
				"south": {"uv": [0.25, 7, 0, 6.5], "texture": "#0"},
				"west": {"uv": [6.25, 6, 6.75, 6.25], "rotation": 90, "texture": "#0"},
				"up": {"uv": [7.25, 4.5, 7.5, 4.75], "rotation": 180, "texture": "#0"},
				"down": {"uv": [4.75, 7.25, 5, 7.5], "texture": "#0"}
			}
		},
		{
			"from": [9, 7, 7.5],
			"to": [10, 9, 8.3],
			"faces": {
				"north": {"uv": [4, 6.5, 3.75, 7], "rotation": 180, "texture": "#0"},
				"east": {"uv": [6.5, 2.25, 7, 2.5], "rotation": 270, "texture": "#0"},
				"south": {"uv": [4, 7, 3.75, 6.5], "texture": "#0"},
				"west": {"uv": [6.5, 3.5, 7, 3.75], "rotation": 90, "texture": "#0"},
				"up": {"uv": [7, 7.25, 7.25, 7.5], "rotation": 180, "texture": "#0"},
				"down": {"uv": [7.5, 0, 7.75, 0.25], "texture": "#0"}
			}
		},
		{
			"from": [10, 8, 7.5],
			"to": [11, 10, 8.3],
			"faces": {
				"north": {"uv": [5.25, 6.5, 5, 7], "rotation": 180, "texture": "#0"},
				"east": {"uv": [4.25, 6.5, 4.75, 6.75], "rotation": 270, "texture": "#0"},
				"south": {"uv": [5.25, 7, 5, 6.5], "texture": "#0"},
				"west": {"uv": [6.5, 4.75, 7, 5], "rotation": 90, "texture": "#0"},
				"up": {"uv": [7.5, 0.5, 7.75, 0.75], "rotation": 180, "texture": "#0"},
				"down": {"uv": [7.5, 1, 7.75, 1.25], "texture": "#0"}
			}
		},
		{
			"from": [11, 9, 7.5],
			"to": [12, 10, 8.3],
			"faces": {
				"north": {"uv": [5.5, 7.5, 5.25, 7.75], "rotation": 180, "texture": "#0"},
				"east": {"uv": [7.5, 4, 7.75, 4.25], "rotation": 270, "texture": "#0"},
				"south": {"uv": [5.5, 7.75, 5.25, 7.5], "texture": "#0"},
				"west": {"uv": [7.5, 5, 7.75, 5.25], "rotation": 90, "texture": "#0"},
				"up": {"uv": [2, 7.5, 2.25, 7.75], "rotation": 180, "texture": "#0"},
				"down": {"uv": [4.25, 7.5, 4.5, 7.75], "texture": "#0"}
			}
		},
		{
			"from": [5, 6, 7.6],
			"to": [7, 7, 8.2],
			"faces": {
				"north": {"uv": [1.5, 6.75, 1, 7], "rotation": 180, "texture": "#0"},
				"east": {"uv": [5.75, 7.5, 6, 7.75], "rotation": 270, "texture": "#0"},
				"south": {"uv": [1.5, 7, 1, 6.75], "texture": "#0"},
				"west": {"uv": [7.5, 6, 7.75, 6.25], "rotation": 90, "texture": "#0"},
				"up": {"uv": [5.5, 6.5, 6, 6.75], "rotation": 180, "texture": "#0"},
				"down": {"uv": [6.25, 6.5, 6.75, 6.75], "texture": "#0"}
			}
		},
		{
			"from": [4, 7, 7.6],
			"to": [8, 8, 8.2],
			"faces": {
				"north": {"uv": [4.75, 3, 3.75, 3.25], "rotation": 180, "texture": "#0"},
				"east": {"uv": [6.25, 7.5, 6.5, 7.75], "rotation": 270, "texture": "#0"},
				"south": {"uv": [4.75, 3.25, 3.75, 3], "texture": "#0"},
				"west": {"uv": [7.5, 6.5, 7.75, 6.75], "rotation": 90, "texture": "#0"},
				"up": {"uv": [0.75, 3.5, 1.75, 3.75], "rotation": 180, "texture": "#0"},
				"down": {"uv": [2, 3.75, 3, 4], "texture": "#0"}
			}
		},
		{
			"from": [5, 8, 7.6],
			"to": [9, 9, 8.2],
			"faces": {
				"north": {"uv": [4.25, 4.25, 3.25, 4.5], "rotation": 180, "texture": "#0"},
				"east": {"uv": [7.5, 7, 7.75, 7.25], "rotation": 270, "texture": "#0"},
				"south": {"uv": [4.25, 4.5, 3.25, 4.25], "texture": "#0"},
				"west": {"uv": [7.5, 7.5, 7.75, 7.75], "rotation": 90, "texture": "#0"},
				"up": {"uv": [0.75, 4, 1.75, 4.25], "rotation": 180, "texture": "#0"},
				"down": {"uv": [2, 4.25, 3, 4.5], "texture": "#0"}
			}
		},
		{
			"from": [6, 9, 7.6],
			"to": [10, 10, 8.2],
			"faces": {
				"north": {"uv": [5.5, 1, 4.5, 1.25], "rotation": 180, "texture": "#0"},
				"east": {"uv": [0, 7.75, 0.25, 8], "rotation": 270, "texture": "#0"},
				"south": {"uv": [5.5, 1.25, 4.5, 1], "texture": "#0"},
				"west": {"uv": [0.5, 7.75, 0.75, 8], "rotation": 90, "texture": "#0"},
				"up": {"uv": [4.5, 0, 5.5, 0.25], "rotation": 180, "texture": "#0"},
				"down": {"uv": [4.5, 0.5, 5.5, 0.75], "texture": "#0"}
			}
		},
		{
			"from": [7, 10, 7.6],
			"to": [12, 11, 8.2],
			"faces": {
				"north": {"uv": [1.25, 1, 0, 1.25], "rotation": 180, "texture": "#0"},
				"east": {"uv": [1, 7.75, 1.25, 8], "rotation": 270, "texture": "#0"},
				"south": {"uv": [1.25, 1.25, 0, 1], "texture": "#0"},
				"west": {"uv": [1.5, 7.75, 1.75, 8], "rotation": 90, "texture": "#0"},
				"up": {"uv": [0, 0, 1.25, 0.25], "rotation": 180, "texture": "#0"},
				"down": {"uv": [0, 0.5, 1.25, 0.75], "texture": "#0"}
			}
		},
		{
			"from": [8, 11, 7.6],
			"to": [13, 12, 8.2],
			"faces": {
				"north": {"uv": [2.75, 1, 1.5, 1.25], "rotation": 180, "texture": "#0"},
				"east": {"uv": [7.75, 1.5, 8, 1.75], "rotation": 270, "texture": "#0"},
				"south": {"uv": [2.75, 1.25, 1.5, 1], "texture": "#0"},
				"west": {"uv": [7.75, 2, 8, 2.25], "rotation": 90, "texture": "#0"},
				"up": {"uv": [1.5, 0, 2.75, 0.25], "rotation": 180, "texture": "#0"},
				"down": {"uv": [1.5, 0.5, 2.75, 0.75], "texture": "#0"}
			}
		},
		{
			"from": [9, 12, 7.6],
			"to": [14, 13, 8.2],
			"faces": {
				"north": {"uv": [1.25, 2.5, 0, 2.75], "rotation": 180, "texture": "#0"},
				"east": {"uv": [2.5, 7.75, 2.75, 8], "rotation": 270, "texture": "#0"},
				"south": {"uv": [1.25, 2.75, 0, 2.5], "texture": "#0"},
				"west": {"uv": [7.75, 2.5, 8, 2.75], "rotation": 90, "texture": "#0"},
				"up": {"uv": [0, 2, 1.25, 2.25], "rotation": 180, "texture": "#0"},
				"down": {"uv": [1.5, 2, 2.75, 2.25], "texture": "#0"}
			}
		},
		{
			"from": [10, 13, 7.6],
			"to": [15, 14, 8.2],
			"faces": {
				"north": {"uv": [4.25, 0.5, 3, 0.75], "rotation": 180, "texture": "#0"},
				"east": {"uv": [3, 7.75, 3.25, 8], "rotation": 270, "texture": "#0"},
				"south": {"uv": [4.25, 0.75, 3, 0.5], "texture": "#0"},
				"west": {"uv": [7.75, 3, 8, 3.25], "rotation": 90, "texture": "#0"},
				"up": {"uv": [0, 3, 1.25, 3.25], "rotation": 180, "texture": "#0"},
				"down": {"uv": [3, 0, 4.25, 0.25], "texture": "#0"}
			}
		},
		{
			"from": [11, 14, 7.6],
			"to": [16, 15, 8.2],
			"faces": {
				"north": {"uv": [4.25, 2, 3, 2.25], "rotation": 180, "texture": "#0"},
				"east": {"uv": [3.5, 7.75, 3.75, 8], "rotation": 270, "texture": "#0"},
				"south": {"uv": [4.25, 2.25, 3, 2], "texture": "#0"},
				"west": {"uv": [7.75, 3.5, 8, 3.75], "rotation": 90, "texture": "#0"},
				"up": {"uv": [1.5, 3, 2.75, 3.25], "rotation": 180, "texture": "#0"},
				"down": {"uv": [3, 1.5, 4.25, 1.75], "texture": "#0"}
			}
		},
		{
			"from": [12, 15, 7.6],
			"to": [17, 16, 8.2],
			"faces": {
				"north": {"uv": [4.25, 2, 3, 2.25], "rotation": 180, "texture": "#0"},
				"east": {"uv": [3.5, 7.75, 3.75, 8], "rotation": 270, "texture": "#0"},
				"south": {"uv": [4.25, 2.25, 3, 2], "texture": "#0"},
				"west": {"uv": [7.75, 3.5, 8, 3.75], "rotation": 90, "texture": "#0"},
				"up": {"uv": [1.5, 3, 2.75, 3.25], "rotation": 180, "texture": "#0"},
				"down": {"uv": [3, 1.5, 4.25, 1.75], "texture": "#0"}
			}
		},
		{
			"from": [13, 16, 7.6],
			"to": [18, 17, 8.2],
			"faces": {
				"north": {"uv": [4.25, 2, 3, 2.25], "rotation": 180, "texture": "#0"},
				"east": {"uv": [3.5, 7.75, 3.75, 8], "rotation": 270, "texture": "#0"},
				"south": {"uv": [4.25, 2.25, 3, 2], "texture": "#0"},
				"west": {"uv": [7.75, 3.5, 8, 3.75], "rotation": 90, "texture": "#0"},
				"up": {"uv": [1.5, 3, 2.75, 3.25], "rotation": 180, "texture": "#0"},
				"down": {"uv": [3, 1.5, 4.25, 1.75], "texture": "#0"}
			}
		},
		{
			"from": [14, 17, 7.6],
			"to": [18, 18, 8.2],
			"faces": {
				"north": {"uv": [5.5, 3.5, 4.5, 3.75], "rotation": 180, "texture": "#0"},
				"east": {"uv": [7.75, 4.5, 8, 4.75], "rotation": 270, "texture": "#0"},
				"south": {"uv": [5.5, 3.75, 4.5, 3.5], "texture": "#0"},
				"west": {"uv": [4.75, 7.75, 5, 8], "rotation": 90, "texture": "#0"},
				"up": {"uv": [4.5, 2, 5.5, 2.25], "rotation": 180, "texture": "#0"},
				"down": {"uv": [4.5, 2.5, 5.5, 2.75], "texture": "#0"}
			}
		}
	],
	"display": {
		"thirdperson_righthand": {
			"rotation": [0, -90, 55],
			"translation": [0, 4.5, 0.5],
			"scale": [0.85, 0.85, 0.85]
		},
		"thirdperson_lefthand": {
			"rotation": [0, 90, -55],
			"translation": [0, 4.5, 0.5],
			"scale": [0.85, 0.85, 0.85]
		},
		"firstperson_righthand": {
			"rotation": [0, -90, 25],
			"translation": [1.13, 3.2, 1.13],
			"scale": [0.68, 0.68, 0.68]
		},
		"firstperson_lefthand": {
			"rotation": [0, 90, -25],
			"translation": [1.13, 3.2, 1.13],
			"scale": [0.68, 0.68, 0.68]
		},
		"ground": {
			"translation": [0, 0.75, 0],
			"scale": [0.48438, 0.48438, 0.48438]
		},
		"gui": {
			"translation": [-0.5, -0.5, 0],
			"scale": [0.80078, 0.80078, 0.80078]
		},
		"fixed": {
			"rotation": [0, 180, 0],
			"translation": [0.5, -0.5, 0]
		}
	}
}